{
  "lang":"en",
  "name":"pipeline",
  "version":"0.0.0",
  "spacy_version":">=3.8.6,<3.9.0",
  "description":"",
  "author":"",
  "email":"",
  "url":"",
  "license":"",
  "spacy_git_version":"911539e",
  "vectors":{
    "width":0,
    "vectors":0,
    "keys":0,
    "name":null,
    "mode":"default"
  },
  "labels":{
    "transformer":[

    ],
    "ner":[
      "College Name",
      "Companies worked at",
      "Degree",
      "Designation",
      "Email Address",
      "Graduation Year",
      "Location",
      "Name",
      "Skills",
      "UNKNOWN",
      "Years of Experience"
    ]
  },
  "pipeline":[
    "transformer",
    "ner"
  ],
  "components":[
    "transformer",
    "ner"
  ],
  "disabled":[

  ],
  "performance":{
    "ents_f":0.5971014493,
    "ents_p":0.6377708978,
    "ents_r":0.5613079019,
    "ents_per_type":{
      "Name":{
        "p":0.9672131148,
        "r":0.9516129032,
        "f":0.9593495935
      },
      "Designation":{
        "p":0.5448275862,
        "r":0.6929824561,
        "f":0.61003861
      },
      "Companies worked at":{
        "p":0.5089285714,
        "r":0.3725490196,
        "f":0.4301886792
      },
      "Location":{
        "p":0.7790697674,
        "r":0.6568627451,
        "f":0.7127659574
      },
      "Email Address":{
        "p":0.698630137,
        "r":0.9622641509,
        "f":0.8095238095
      },
      "Graduation Year":{
        "p":0.6470588235,
        "r":0.2244897959,
        "f":0.3333333333
      },
      "Degree":{
        "p":0.6226415094,
        "r":0.55,
        "f":0.5840707965
      },
      "College Name":{
        "p":0.6363636364,
        "r":0.5072463768,
        "f":0.564516129
      },
      "Skills":{
        "p":0.4285714286,
        "r":0.2903225806,
        "f":0.3461538462
      },
      "Years of Experience":{
        "p":1.0,
        "r":0.2,
        "f":0.3333333333
      }
    },
    "transformer_loss":4721.2520189384,
    "ner_loss":15567.1494604365
  }
}