{
  "lang":"en",
  "name":"pipeline",
  "version":"0.0.0",
  "spacy_version":">=3.8.6,<3.9.0",
  "description":"",
  "author":"",
  "email":"",
  "url":"",
  "license":"",
  "spacy_git_version":"911539e",
  "vectors":{
    "width":0,
    "vectors":0,
    "keys":0,
    "name":null,
    "mode":"default"
  },
  "labels":{
    "transformer":[

    ],
    "ner":[
      "College Name",
      "Companies worked at",
      "Degree",
      "Designation",
      "Email Address",
      "Graduation Year",
      "Location",
      "Name",
      "Skills",
      "UNKNOWN",
      "Years of Experience"
    ]
  },
  "pipeline":[
    "transformer",
    "ner"
  ],
  "components":[
    "transformer",
    "ner"
  ],
  "disabled":[

  ],
  "performance":{
    "ents_f":0.5611428571,
    "ents_p":0.4832677165,
    "ents_r":0.6689373297,
    "ents_per_type":{
      "Name":{
        "p":0.9344262295,
        "r":0.9193548387,
        "f":0.9268292683
      },
      "Designation":{
        "p":0.5263157895,
        "r":0.6140350877,
        "f":0.5668016194
      },
      "College Name":{
        "p":0.4854368932,
        "r":0.7246376812,
        "f":0.5813953488
      },
      "Companies worked at":{
        "p":0.4795321637,
        "r":0.5359477124,
        "f":0.5061728395
      },
      "Location":{
        "p":0.4529411765,
        "r":0.7549019608,
        "f":0.5661764706
      },
      "Degree":{
        "p":0.4807692308,
        "r":0.8333333333,
        "f":0.6097560976
      },
      "Graduation Year":{
        "p":0.393258427,
        "r":0.7142857143,
        "f":0.5072463768
      },
      "Skills":{
        "p":0.202247191,
        "r":0.2903225806,
        "f":0.238410596
      },
      "Email Address":{
        "p":0.734375,
        "r":0.8867924528,
        "f":0.8034188034
      },
      "Years of Experience":{
        "p":0.15625,
        "r":0.5,
        "f":0.2380952381
      }
    },
    "transformer_loss":3901.6367577239,
    "ner_loss":11056.6348353145
  }
}